{
  "intents": [
    {
      "tag": "greeting",
      "patterns": [
        "Hi",
        "Hey",
        "How are you",
        "Hello"
	  ],
	  "responses": [
      "Hi! How may I help you today?",
      "Hello! How may I help you today?"
	  ]
    },

    {
      "tag": "math",
      "patterns": [
        "Math",
        "Equation",
        "Solve",
        "Minus",
        "Plus", 
        "Fraction",
        "Derivative",
        "Integral"

      
      ],
	  "responses": [
      "url:http://api.wolframalpha.com/v2/query?appid=6APH22-4T64A44K97&input=solve+"
	  ]
    },
    {
      "tag": "goodbye",
      "patterns": [
        "Bye",
        "See you later",
        "Goodbye"
      ],
	  "responses": [
      "See ya!",
      "Have a nice day!",
      "Hope I could help!"
	  ]
    },
    {
      "tag": "thanks",
      "patterns": [
        "Thanks",
        "Thank you",
        "That's helpful",
        "Thank's a lot!"
      ],
	  "responses": [
      "No problem!",
      "My pleasure!"
	  ]
    }
  ]
}
